date,weight,restingHR,hrv,hrvSDNN,readiness,sleepSecs,sleepScore,sleepQuality,avgSleepingHR,spO2,soreness,fatigue,stress,mood,motivation,injury,ctl,atl,rampRate,ctlLoad,atlLoad
2026-10-03,,,,,,,,,,,,,,,,,17.563328,1.6646385,-3.185295,0.0,0.0
2026-10-02,,45,,,,,,,,,,,,,,,17.98652,1.9202688,-3.262045,0.0,0.0
2026-10-01,,43,76.0,,,26160,89.0,2,,,,,,,,,18.41991,2.215155,-3.3406448,0.0,0.0
2026-09-30,,41,79.0,,,28920,89.0,2,,,,,,,,,18.863743,2.555325,-3.4211388,0.0,0.0
2026-09-29,,65,,,,,,,,,,,,,,,19.31827,2.9477336,-3.5035706,0.0,0.0
2026-09-28,,44,66.0,,,34200,73.0,3,,,,,,,,,19.783749,3.4004023,-3.5879898,0.0,0.0
2026-09-27,,38,87.0,,,30600,94.0,1,,,,,,,,,20.260443,3.922585,-3.6744423,0.0,0.0
2026-09-26,,40,75.0,,,27960,94.0,1,,,,,,,,,20.748623,4.5249567,-3.7629795,0.0,0.0
2026-09-25,,43,72.0,,,25320,84.0,2,,,,,,,,,21.248566,5.2198315,-3.8536491,0.0,0.0
2026-09-24,,42,72.0,,,30360,83.0,2,,,,,,,,,21.760555,6.0214148,-3.9465027,0.0,0.0
2026-09-23,,43,71.0,,,29100,94.0,1,,,,,,,,,22.284882,6.946093,-4.0415936,0.0,0.0
2026-09-22,,42,78.0,,,17640,67.0,3,,,,,,,,,22.82184,8.01277,-4.138977,0.0,0.0
2026-09-21,,43,74.0,,,30720,62.0,3,,,,,,,,,23.371738,9.243251,-3.250801,0.0,0.0
2026-09-20,,41,79.0,,,29100,88.0,2,,,,,,,,,23.934885,10.66269,-3.3291302,0.0,0.0
2026-09-19,,42,80.0,,,32460,92.0,1,,,,,,,,,24.511602,12.300106,-3.4093456,0.0,0.0
2026-09-18,,42,87.0,,,23880,84.0,2,,,,,,,,,25.102215,14.1889715,-2.7686386,0.0,0.0
2026-09-17,,56,,,,,,,,,,,,,,,25.707058,16.3679,-2.83535,0.0,0.0
2026-09-16,,40,85.0,,,29776,94.0,1,,,,,,,,,26.326475,18.881437,-2.1326218,0.0,0.0
2026-09-15,,41,87.0,,,31560,91.0,1,,,,,,,,,26.960817,21.780966,-1.6539135,41.0,41.0
2026-09-14,,41,82.0,,,23700,59.0,4,,,,,,,,,26.62254,18.829596,-1.9588127,0.0,0.0
2026-09-13,,41,77.0,,,29640,98.0,1,,,,,,,,,27.264015,21.721163,-1.3072491,0.0,0.0
2026-09-12,,41,76.0,,,27300,93.0,1,,,,,,,,,27.920948,25.056772,-0.8327484,30.0,30.0
2026-09-11,,42,78.0,,,26979,88.0,2,,,,,,,,,27.870853,24.297665,-1.5756702,0.0,0.0
2026-09-10,,46,70.0,,,21360,76.0,3,,,,,,,,,28.542408,28.028934,-0.79439926,32.0,32.0
2026-09-09,,44,72.0,,,28020,94.0,1,,,,,,,,,28.459097,27.419117,-1.1267776,22.0,22.0
2026-09-08,,43,75.0,,,28194,87.0,2,,,,,,,,,28.61473,28.251305,-1.3466892,30.0,30.0
2026-09-07,,45,68.0,,,30720,91.0,1,,,,,,,,,28.581352,27.982767,-2.1019955,29.0,29.0
2026-09-06,,44,74.0,,,27420,90.0,1,,,,,,,,,28.571264,27.826555,-2.851406,21.0,21.0
2026-09-05,,46,62.0,,,27900,85.0,2,,,,,,,,,28.753696,28.874874,3.0796032,0.0,0.0
2026-09-04,,41,87.0,,,29653,94.0,1,,,,,,,,,29.446524,33.309044,3.1538067,34.0,34.0
